hope this works,test,pleasework@email.com,OMGITWORKS?.com,
error,pleaseno,pleaseno@email.com,pleasenoerrors.com,
'MASSAGE',masso,masso@masso.com,massagomasso.com,
'how do i contact you',curiousgeorge,cg@email.com,cha.com,
'Hey blow up',beer?,email@email.com,somewebsite.com,8/23/17 6:07:11 PM,
'Hey blow up',beer?,email@email.com,somewebsite.com,8/23/17 6:11:23 PM,
'Hey blow up',beer?,email@email.com,somewebsite.com,8/23/17 6:19:13 PM,
'PLEASE GOD WORK.',your friend,email@email.com,pleasegodwork.com,8/23/17 6:21:43 PM,
'PLEASE GOD WORK.',your friend,email@email.com,pleasegodwork.com,8/23/17 6:22:04 PM,
'work now',name,name@email.com,website.com,8/23/17 6:23:16 PM,
